Game,Round 1,Round 2,Round 3,Round 4,Round 5,Round 6,Round 7,Round 8,Round 9,Round 10,Round 11,Round 12,Round 13,Round 14
1,62,307,482,425,471,,,,,,,,,
2,318,,,,,,,,,,,,,
3,63,227,374,415,447,996,,,,,,,,
4,8,21,48,54,32,67,363,647,845,1457,,,,
5,12,37,80,85,68,130,704,,,,,,,
6,10,25,41,36,38,38,73,150,188,332,759,1563,,
7,18,34,82,61,42,85,133,176,253,338,546,899,1435,3320
8,58,124,312,240,206,311,552,808,,,,,,
9,25,36,78,62,43,71,150,180,269,448,669,1235,1780,
10,17,30,81,60,39,74,148,217,331,552,702,1418,1729,2797
11,117,297,650,,,,,,,,,,,
12,34,48,185,150,175,224,578,792,1163,,,,,
13,156,318,,,,,,,,,,,,
14,15,30,104,129,151,228,485,581,757,1114,1442,,,
15,109,201,563,471,,,,,,,,,,
Total Votes,1022,1735,3080,2188,1712,2224,3186,3551,3806,4241,4118,5115,4944,6117